Model,Precision,Recall,F1
Model1,0.671167441205464,0.7830164765525982,0.6963035006475012
Model2,0.6248859106442963,0.7845373891001267,0.6907958197127618
Model3,0.6377553778864664,0.7850443599493029,0.6908583844139623
Model4,0.7597929717675358,0.8070975918884664,0.7382377800909454
Model5,0.7924737508638261,0.838022813688213,0.8010548197287505
Model6,0.733321929567544,0.7885931558935361,0.7058719551010391
Model7,0.8104966652819213,0.8271229404309253,0.7812375850254073
Model8,0.8360035987644507,0.8595690747782002,0.8360459073568589
Model9,0.8319726021316017,0.8420785804816223,0.8163250901820444
